Riddler_Name,Riddler_Score,Riddler_Question,Answer,Hint_Guide_Name,Hint_Score,Hint
Gurtrude The Wise,10,What Is The Question To The Question?,??,SamWise Gamgee,5,Could It be two Question Marks?
Ralph The Puppy,8,"What has a head, a tail, is brown, and has no legs?",penny,Rambunctious Man,3,It's a common household item.
Genie Of The Bottle,15,"I speak without a mouth and hear without ears. I have no body, but I come alive with the wind. What am I?",echo,Little Lamb,6,It's something you can see in the sky.
Chris Hemsworth,12,"The more you take, the more you leave behind. What am I?",footsteps,Money Tree,4, It's a physical action.
Burger Man,5,What has keys but can't open locks?,keyboard,Fairly Odd Parents,5,It's used for writing.
